drug,candidate,score,raw_path,display_path,candidate_foreground,candidate_sharpness,candidate_contrast,candidate_saturation,candidate_mean_r,candidate_mean_g,candidate_mean_b,candidate_std_r,candidate_std_g,candidate_std_b,candidate_blockiness,real_ref_foreground,real_ref_sharpness,real_ref_contrast,real_ref_saturation,real_ref_mean_r,real_ref_mean_g,real_ref_mean_b,real_ref_std_r,real_ref_std_g,real_ref_std_b,real_ref_blockiness,source_csv,foreground_abs_error,sharpness_log_abs_error,blockiness_abs_error,contrast_abs_error,saturation_abs_error
nystatin,30,-0.0961810189204258,CPFLOW/comparison_outputs/full44_imageft2_morphology_candidates/images/nystatin/candidate_030_raw.png,CPFLOW/comparison_outputs/full44_imageft2_morphology_candidates/images/nystatin/candidate_030_display.png,0.2454261779785156,0.048364408314228,0.9031829833984376,0.1118882372975349,0.1253111660480499,0.1224683821201324,0.0770170763134956,0.1813353300094604,0.1729699075222015,0.1420565396547317,0.4820647239685058,0.2479400634765625,0.0522826891392469,0.9159591197967528,0.1222667023539543,0.1242393068969249,0.1317568570375442,0.0831942744553089,0.1777146011590957,0.1829367280006408,0.1394862234592437,0.498086005449295,CPFLOW/comparison_outputs/full44_imageft2_morphology_candidates/candidate_quality_scores.csv,0.0025138854980469028,0.07790113138364621,0.016021281480789185,0.012776136398315208,0.0103784650564194
puromycin,7,-0.097523184007639,CPFLOW/comparison_outputs/full44_imageft2_morphology_candidates/images/puromycin/candidate_007_raw.png,CPFLOW/comparison_outputs/full44_imageft2_morphology_candidates/images/puromycin/candidate_007_display.png,0.6888885498046875,0.0668154656887054,0.8996145129203796,0.2185375839471817,0.2552041709423065,0.2107535302639007,0.1257639974355697,0.1925808191299438,0.1814089268445968,0.1809070110321045,0.491577684879303,0.7003211975097656,0.0655151568353176,0.9086706042289734,0.2295562624931335,0.2615959346294403,0.2159737944602966,0.1196716167032718,0.1843926012516021,0.1782894358038902,0.1926010698080063,0.4980893284082412,CPFLOW/comparison_outputs/full44_imageft2_morphology_candidates/candidate_quality_scores.csv,0.011432647705078125,0.019653055123178147,0.006511643528938238,0.00905609130859375,0.011018678545951788
pd-98059,24,-0.1026208899166775,CPFLOW/comparison_outputs/full44_imageft2_morphology_candidates/images/pd-98059/candidate_024_raw.png,CPFLOW/comparison_outputs/full44_imageft2_morphology_candidates/images/pd-98059/candidate_024_display.png,0.7986869812011719,0.0615566708147525,0.9016829133033752,0.2606303691864013,0.314875990152359,0.2968852818012237,0.1638829857110977,0.1890044212341308,0.1916313469409942,0.1998471468687057,0.500603199005127,0.8003482818603516,0.0601137056946754,0.91595196723938,0.2912838757038116,0.3122412413358688,0.2961847931146621,0.1303729638457298,0.1861904561519622,0.1942801997065544,0.202431134879589,0.5000722706317902,CPFLOW/comparison_outputs/full44_imageft2_morphology_candidates/candidate_quality_scores.csv,0.0016613006591796875,0.023720359570197063,0.000530928373336792,0.01426905393600475,0.03065350651741028
hydroxyurea,12,-0.1044750946900607,CPFLOW/comparison_outputs/full44_imageft2_morphology_candidates/images/hydroxyurea/candidate_012_raw.png,CPFLOW/comparison_outputs/full44_imageft2_morphology_candidates/images/hydroxyurea/candidate_012_display.png,0.5806198120117188,0.0593627989292144,0.924190640449524,0.2138448655605316,0.2345259934663772,0.167822852730751,0.1001335978507995,0.2112625390291214,0.1933937072753906,0.1790696084499359,0.5031198263168335,0.5860118865966797,0.0597119964659214,0.9177989959716796,0.187074139714241,0.2307504191994667,0.1849288940429687,0.1191504038870334,0.2016012072563171,0.187650516629219,0.1788314208388328,0.498072862625122,CPFLOW/comparison_outputs/full44_imageft2_morphology_candidates/candidate_quality_scores.csv,0.0053920745849609375,0.005865195534348453,0.005046963691711481,0.00639164447784446,0.02677072584629059
quercetin,14,-0.1050138218339653,CPFLOW/comparison_outputs/full44_imageft2_morphology_candidates/images/quercetin/candidate_014_raw.png,CPFLOW/comparison_outputs/full44_imageft2_morphology_candidates/images/quercetin/candidate_014_display.png,0.340240478515625,0.0558506101369857,0.9325658082962036,0.16140216588974,0.1348267197608947,0.1496824324131012,0.0755676180124282,0.2045135349035263,0.2036538273096084,0.1466850489377975,0.4922882914543152,0.3295192718505859,0.054178450256586,0.9276664853096008,0.1506578624248504,0.1441567987203598,0.1517571285367012,0.0825977586209774,0.1932646557688713,0.1898238360881805,0.1544976383447647,0.5018331706523895,CPFLOW/comparison_outputs/full44_imageft2_morphology_candidates/candidate_quality_scores.csv,0.010721206665039118,0.030397211853822475,0.00954487919807434,0.004899322986602783,0.010744303464889582
cyclophosphamide,9,-0.1122598120547968,CPFLOW/comparison_outputs/full44_imageft2_morphology_candidates/images/cyclophosphamide/candidate_009_raw.png,CPFLOW/comparison_outputs/full44_imageft2_morphology_candidates/images/cyclophosphamide/candidate_009_display.png,0.4138832092285156,0.058074951171875,0.9352464079856871,0.1600701808929443,0.1807949990034103,0.1824030578136444,0.1027168408036232,0.210222840309143,0.2086060047149658,0.1650466471910476,0.496835708618164,0.4059104919433594,0.0606170389801263,0.9250825643539428,0.1711820214986801,0.1845881715416908,0.1696114763617515,0.0880662202835083,0.2072529643774032,0.1949955597519874,0.1638989374041557,0.5005312412977219,CPFLOW/comparison_outputs/full44_imageft2_morphology_candidates/candidate_quality_scores.csv,0.00797271728515625,0.04284157974297686,0.003695532679557856,0.010163843631744385,0.011111840605735779
h-7,27,-0.1146053271957166,CPFLOW/comparison_outputs/full44_imageft2_morphology_candidates/images/h-7/candidate_027_raw.png,CPFLOW/comparison_outputs/full44_imageft2_morphology_candidates/images/h-7/candidate_027_display.png,0.4285087585449219,0.0641468316316604,0.9534329771995544,0.1800008118152618,0.1948310434818267,0.183956116437912,0.083851546049118,0.2260029017925262,0.2203467637300491,0.1578022539615631,0.506925642490387,0.4288597106933594,0.0619991235435009,0.9381930232048036,0.1666577011346817,0.1791938543319702,0.16728076338768,0.0921570397913456,0.2152288109064102,0.2000573948025703,0.1623462438583374,0.5029609203338623,CPFLOW/comparison_outputs/full44_imageft2_morphology_candidates/candidate_quality_scores.csv,0.0003509521484375,0.03405444589413782,0.003964722156524658,0.015239953994750866,0.013343110680580111
acyclovir,11,-0.1260024856667033,CPFLOW/comparison_outputs/full44_imageft2_morphology_candidates/images/acyclovir/candidate_011_raw.png,CPFLOW/comparison_outputs/full44_imageft2_morphology_candidates/images/acyclovir/candidate_011_display.png,0.5641250610351562,0.054599218070507,0.896291196346283,0.2025620490312576,0.2300237715244293,0.2042252123355865,0.1354282647371292,0.2073728144168853,0.1929949223995208,0.180169939994812,0.4848337471485138,0.5697135925292969,0.059018975123763,0.9317297637462616,0.2042603269219398,0.2319973036646843,0.1979547068476677,0.1141005307435989,0.2040533795952797,0.1948103085160255,0.1823395416140556,0.4984902292490005,CPFLOW/comparison_outputs/full44_imageft2_morphology_candidates/candidate_quality_scores.csv,0.005588531494140625,0.07783942915565169,0.0136564821004867,0.03543856739997864,0.0016982778906821927
olomoucine,9,-0.1372180672413748,CPFLOW/comparison_outputs/full44_imageft2_morphology_candidates/images/olomoucine/candidate_009_raw.png,CPFLOW/comparison_outputs/full44_imageft2_morphology_candidates/images/olomoucine/candidate_009_display.png,0.6833763122558594,0.0687335953116417,0.932530403137207,0.2732590436935425,0.2527315616607666,0.2617228627204895,0.1234907880425453,0.2041897773742675,0.2178685665130615,0.1950573623180389,0.5210487842559814,0.6916236877441406,0.0685708448290824,0.9259634017944336,0.2811469882726669,0.2912974655628204,0.2727907598018646,0.1248061954975128,0.1920587122440338,0.1881611794233322,0.2083544805645942,0.4934117645025253,CPFLOW/comparison_outputs/full44_imageft2_morphology_candidates/candidate_quality_scores.csv,0.00824737548828125,0.002370652178579458,0.02763701975345617,0.0065670013427734375,0.007887944579124395
vinblastine,28,-0.1402006647751774,CPFLOW/comparison_outputs/full44_imageft2_morphology_candidates/images/vinblastine/candidate_028_raw.png,CPFLOW/comparison_outputs/full44_imageft2_morphology_candidates/images/vinblastine/candidate_028_display.png,0.13427734375,0.037768580019474,0.8622242212295532,0.0830620974302291,0.046881079673767,0.0764102190732956,0.0591828413307666,0.1397929042577743,0.1399944275617599,0.0955331996083259,0.4799987971782684,0.1198654174804687,0.0372880492359399,0.9130522012710572,0.0710282810032367,0.0627949126064777,0.0723287500441074,0.0512877944856882,0.1443871110677719,0.1404998153448104,0.1001737602055072,0.5003638565540314,CPFLOW/comparison_outputs/full44_imageft2_morphology_candidates/candidate_quality_scores.csv,0.014411926269531306,0.012804657652740479,0.020365059375762995,0.05082798004150402,0.012033816426992403
vincristine,9,-0.1420356257433083,CPFLOW/comparison_outputs/full44_imageft2_morphology_candidates/images/vincristine/candidate_009_raw.png,CPFLOW/comparison_outputs/full44_imageft2_morphology_candidates/images/vincristine/candidate_009_display.png,0.2845687866210937,0.0354153364896774,0.9351714849472046,0.1088117957115173,0.115655705332756,0.1159139648079872,0.0838155820965766,0.1950954347848892,0.1854103654623031,0.1478660404682159,0.51175457239151,0.2907619476318359,0.039956035092473,0.9429167211055756,0.105145938694477,0.1236182823777198,0.1181248873472213,0.0657224655151367,0.1870758011937141,0.1793666556477546,0.1332473382353782,0.500633955001831,CPFLOW/comparison_outputs/full44_imageft2_morphology_candidates/candidate_quality_scores.csv,0.0061931610107421875,0.12063473436641477,0.011120617389678955,0.007745236158370972,0.003665857017040308
docetaxel,26,-0.144707014195689,CPFLOW/comparison_outputs/full44_imageft2_morphology_candidates/images/docetaxel/candidate_026_raw.png,CPFLOW/comparison_outputs/full44_imageft2_morphology_candidates/images/docetaxel/candidate_026_display.png,0.551727294921875,0.0604470670223236,0.9256426692008972,0.1899758577346801,0.1991671621799469,0.1659808754920959,0.109780840575695,0.2003330290317535,0.1953844279050827,0.1645954549312591,0.509620189666748,0.5685272216796875,0.0568048451095819,0.9179916977882384,0.1834486573934555,0.2048449590802192,0.1766407340764999,0.104649506509304,0.1861892491579055,0.1802960261702537,0.1727025508880615,0.4964199960231781,CPFLOW/comparison_outputs/full44_imageft2_morphology_candidates/candidate_quality_scores.csv,0.0167999267578125,0.06214642289393479,0.013200193643569946,0.007650971412658802,0.006527200341224587
neomycin,21,-0.1464078587966307,CPFLOW/comparison_outputs/full44_imageft2_morphology_candidates/images/neomycin/candidate_021_raw.png,CPFLOW/comparison_outputs/full44_imageft2_morphology_candidates/images/neomycin/candidate_021_display.png,0.8214569091796875,0.0714931786060333,0.9325497150421144,0.3173308074474334,0.3124669194221496,0.3211429417133331,0.1413884907960891,0.1970071196556091,0.2027952522039413,0.2077136635780334,0.5126461982727051,0.8270702362060547,0.0806668847799301,0.9217456877231598,0.316100537776947,0.3128754496574402,0.2970862686634063,0.1343147009611129,0.1811200380325317,0.1900136545300483,0.2100798413157463,0.5004386603832245,CPFLOW/comparison_outputs/full44_imageft2_morphology_candidates/candidate_quality_scores.csv,0.0056133270263671875,0.12072608442419905,0.01220753788948059,0.010804027318954579,0.0012302696704863947
emetine,17,-0.1509880323892771,CPFLOW/comparison_outputs/full44_imageft2_morphology_candidates/images/emetine/candidate_017_raw.png,CPFLOW/comparison_outputs/full44_imageft2_morphology_candidates/images/emetine/candidate_017_display.png,0.3187980651855469,0.0476241409778595,0.9142088890075684,0.1194913610816001,0.1423185169696808,0.1424366980791092,0.0717962533235549,0.1998920142650604,0.2081236541271209,0.146185040473938,0.5068727731704712,0.3299598693847656,0.0533135123550891,0.9284417033195496,0.1221536919474601,0.1467256993055343,0.1371496319770813,0.0793355256319046,0.1912873834371566,0.1878873109817505,0.1557324826717376,0.4947541952133178,CPFLOW/comparison_outputs/full44_imageft2_morphology_candidates/candidate_quality_scores.csv,0.01116180419921875,0.11284999566541529,0.012118577957153376,0.014232814311981201,0.0026623308658599992
sb-203580,27,-0.1592657744220591,CPFLOW/comparison_outputs/full44_imageft2_morphology_candidates/images/sb-203580/candidate_027_raw.png,CPFLOW/comparison_outputs/full44_imageft2_morphology_candidates/images/sb-203580/candidate_027_display.png,0.84991455078125,0.0765728875994682,0.911867618560791,0.3083660304546356,0.3057959973812103,0.3224509954452514,0.1389191895723343,0.1732771843671798,0.1913851350545883,0.1931742876768112,0.5045809149742126,0.8622245788574219,0.082648366689682,0.9242916107177734,0.3156090974807739,0.3192625939846039,0.2952463328838348,0.1371025219559669,0.1698829606175422,0.1867746636271476,0.2100759968161583,0.5019830763339996,CPFLOW/comparison_outputs/full44_imageft2_morphology_candidates/candidate_quality_scores.csv,0.012310028076171875,0.07635198639681401,0.0025978386402130127,0.012423992156982422,0.007243067026138306
pp-2,30,-0.1646380516071823,CPFLOW/comparison_outputs/full44_imageft2_morphology_candidates/images/pp-2/candidate_030_raw.png,CPFLOW/comparison_outputs/full44_imageft2_morphology_candidates/images/pp-2/candidate_030_display.png,0.4331703186035156,0.0602122694253921,0.951231062412262,0.1945172101259231,0.1755010336637497,0.2162276804447174,0.0984807536005973,0.2137648910284042,0.2319468259811401,0.1658849865198135,0.4912547469139099,0.4454822540283203,0.0618192870169878,0.937705397605896,0.1836992874741554,0.1996433287858963,0.1857227087020874,0.0999102592468261,0.2148084193468094,0.1986647322773933,0.1712129786610603,0.5000066757202148,CPFLOW/comparison_outputs/full44_imageft2_morphology_candidates/candidate_quality_scores.csv,0.012311935424804688,0.026339256509504833,0.008751928806304932,0.013525664806365967,0.010817922651767703
genistein,11,-0.1701733430724771,CPFLOW/comparison_outputs/full44_imageft2_morphology_candidates/images/genistein/candidate_011_raw.png,CPFLOW/comparison_outputs/full44_imageft2_morphology_candidates/images/genistein/candidate_011_display.png,0.5156211853027344,0.0591779500246048,0.9420047402381896,0.2245707213878631,0.2102369219064712,0.1821029335260391,0.0963295102119445,0.224204882979393,0.2169255018234253,0.1628654599189758,0.4939101934432983,0.5242252349853516,0.0645715296268463,0.9368724822998048,0.1952259689569473,0.2222538962960243,0.1774319782853126,0.1068962439894676,0.2054837867617607,0.1976201012730598,0.1826303228735923,0.4971952885389328,CPFLOW/comparison_outputs/full44_imageft2_morphology_candidates/candidate_quality_scores.csv,0.008604049682617188,0.08722457497163194,0.003285095095634516,0.005132257938384788,0.029344752430915805
cisplatin,10,-0.1729451981282637,CPFLOW/comparison_outputs/full44_imageft2_morphology_candidates/images/cisplatin/candidate_010_raw.png,CPFLOW/comparison_outputs/full44_imageft2_morphology_candidates/images/cisplatin/candidate_010_display.png,0.8113594055175781,0.0696073174476623,0.9179275035858154,0.278262197971344,0.2853440046310425,0.2943265736103058,0.1421462446451187,0.176144853234291,0.1926947087049484,0.2018381059169769,0.510558545589447,0.8207569122314453,0.0811001807451248,0.9250893592834472,0.3003953099250793,0.3098557591438293,0.2911833673715591,0.1384597420692443,0.1753912270069122,0.1907947659492492,0.2096031606197357,0.49836266040802,CPFLOW/comparison_outputs/full44_imageft2_morphology_candidates/candidate_quality_scores.csv,0.009397506713867188,0.15281547187369326,0.012195885181427002,0.007161855697631725,0.022133111953735296
ly-294002,8,-0.1729522653612883,CPFLOW/comparison_outputs/full44_imageft2_morphology_candidates/images/ly-294002/candidate_008_raw.png,CPFLOW/comparison_outputs/full44_imageft2_morphology_candidates/images/ly-294002/candidate_008_display.png,0.8388671875,0.0702114254236221,0.9128003716468812,0.2996366620063782,0.2696056067943573,0.2785725593566894,0.1268879026174545,0.1789480745792389,0.1784290373325348,0.1968221962451934,0.5043895840644836,0.8287181854248047,0.0793585628271102,0.9208958446979524,0.2966496646404266,0.3068352043628692,0.2854893207550049,0.1321126520633697,0.1788658052682876,0.1888715922832489,0.20509023219347,0.4976978451013565,CPFLOW/comparison_outputs/full44_imageft2_morphology_candidates/candidate_quality_scores.csv,0.010149002075195312,0.12246528374779572,0.006691738963127136,0.008095473051071167,0.0029869973659515936
temozolomide,28,-0.1773200929035163,CPFLOW/comparison_outputs/full44_imageft2_morphology_candidates/images/temozolomide/candidate_028_raw.png,CPFLOW/comparison_outputs/full44_imageft2_morphology_candidates/images/temozolomide/candidate_028_display.png,0.8261184692382812,0.072070337831974,0.8776927590370178,0.2753794193267822,0.333469033241272,0.3025128543376922,0.1809245198965072,0.1889009177684784,0.1922299712896347,0.1970285475254058,0.5021780133247375,0.8254146575927734,0.0790589749813079,0.915608525276184,0.2953926026821136,0.3307257443666458,0.2809608727693558,0.1501918584108352,0.1818803399801254,0.1838797181844711,0.2053004130721092,0.5010227262973785,CPFLOW/comparison_outputs/full44_imageft2_morphology_candidates/candidate_quality_scores.csv,0.0007038116455078125,0.09255152396697626,0.0011552870273590088,0.03791576623916615,0.020013183355331365
atropine,25,-0.1835664949086078,CPFLOW/comparison_outputs/full44_imageft2_morphology_candidates/images/atropine/candidate_025_raw.png,CPFLOW/comparison_outputs/full44_imageft2_morphology_candidates/images/atropine/candidate_025_display.png,0.5034446716308594,0.0625030025839805,0.9334439635276794,0.1986814588308334,0.1873658448457718,0.1812243163585662,0.1088621765375137,0.2053948640823364,0.2087747752666473,0.1776967495679855,0.4842978119850158,0.4661712646484375,0.0642861276865005,0.9337508082389832,0.1902754679322242,0.2089010998606681,0.1882104277610778,0.1034721471369266,0.2091898396611213,0.1991126760840416,0.1768539398908615,0.4998587816953659,CPFLOW/comparison_outputs/full44_imageft2_morphology_candidates/candidate_quality_scores.csv,0.037273406982421875,0.028129262997418678,0.015560969710350092,0.00030684471130371094,0.008405990898609217
chlorambucil,22,-0.1883980998123191,CPFLOW/comparison_outputs/full44_imageft2_morphology_candidates/images/chlorambucil/candidate_022_raw.png,CPFLOW/comparison_outputs/full44_imageft2_morphology_candidates/images/chlorambucil/candidate_022_display.png,0.8352851867675781,0.0672264993190765,0.9262127876281738,0.3311243057250976,0.3009253442287445,0.3070493638515472,0.1235143765807151,0.187346339225769,0.1992832571268081,0.2116765230894088,0.514767050743103,0.8269462585449219,0.0771374814212322,0.9130936563014984,0.3011546581983566,0.3213852941989898,0.3034306615591049,0.1371814608573913,0.1753024384379387,0.1912764310836792,0.2105157822370529,0.5015607476234436,CPFLOW/comparison_outputs/full44_imageft2_morphology_candidates/candidate_quality_scores.csv,0.00833892822265625,0.13752177877759658,0.013206303119659424,0.013119131326675415,0.029969647526741028
raloxifene,28,-0.1918622375588746,CPFLOW/comparison_outputs/full44_imageft2_morphology_candidates/images/raloxifene/candidate_028_raw.png,CPFLOW/comparison_outputs/full44_imageft2_morphology_candidates/images/raloxifene/candidate_028_display.png,0.6449508666992188,0.0653307735919952,0.8982816934585571,0.2261266708374023,0.2426362931728363,0.2263708114624023,0.1244324594736099,0.1908016353845596,0.1952612400054931,0.1718237847089767,0.4875276684761047,0.6156730651855469,0.070564404129982,0.9174937903881072,0.2209178730845451,0.2392762452363968,0.2140267118811607,0.1107767410576343,0.1935069262981414,0.1944123655557632,0.1835865825414657,0.4974057376384735,CPFLOW/comparison_outputs/full44_imageft2_morphology_candidates/candidate_quality_scores.csv,0.029277801513671875,0.07706262512561018,0.00987806916236883,0.01921209692955006,0.0052087977528571805
floxuridine,27,-0.2125618509113482,CPFLOW/comparison_outputs/full44_imageft2_morphology_candidates/images/floxuridine/candidate_027_raw.png,CPFLOW/comparison_outputs/full44_imageft2_morphology_candidates/images/floxuridine/candidate_027_display.png,0.4417724609375,0.0592926889657974,0.9027608036994934,0.2342904657125473,0.1683891415596008,0.1778673529624939,0.1182720586657524,0.2246699184179306,0.2316246032714843,0.1413093507289886,0.4949213862419128,0.4324264526367187,0.060908980667591,0.9386134743690492,0.1994876787066459,0.192067414522171,0.1909102275967598,0.0947429984807968,0.2016186714172363,0.2126616090536117,0.1596432402729988,0.5031541585922241,CPFLOW/comparison_outputs/full44_imageft2_morphology_candidates/candidate_quality_scores.csv,0.009346008300781306,0.026894615712523502,0.008232772350311335,0.035852670669555775,0.03480278700590139
y-27632,26,-0.2135313018231438,CPFLOW/comparison_outputs/full44_imageft2_morphology_candidates/images/y-27632/candidate_026_raw.png,CPFLOW/comparison_outputs/full44_imageft2_morphology_candidates/images/y-27632/candidate_026_display.png,0.8375244140625,0.0729911997914314,0.9184743165969848,0.2997004687786102,0.3019541501998901,0.3084548413753509,0.1283603757619857,0.1754493713378906,0.1972600370645523,0.2022417783737182,0.5067270398139954,0.8090591430664062,0.0790993645787239,0.9065394103527068,0.2847998440265655,0.2920107692480087,0.2803754210472107,0.1359843090176582,0.1790968999266624,0.1877077147364616,0.2057586163282394,0.4957741796970367,CPFLOW/comparison_outputs/full44_imageft2_morphology_candidates/candidate_quality_scores.csv,0.02846527099609375,0.08036594794378053,0.010952860116958674,0.011934906244277954,0.014900624752044678
calpeptin,0,-0.2156287705691647,CPFLOW/comparison_outputs/full44_imageft2_morphology_candidates/images/calpeptin/candidate_000_raw.png,CPFLOW/comparison_outputs/full44_imageft2_morphology_candidates/images/calpeptin/candidate_000_display.png,0.3860015869140625,0.0563534051179885,0.8931149244308472,0.1693139970302581,0.1898781806230545,0.1706621348857879,0.12554831802845,0.2216397672891616,0.201506495475769,0.1518841832876205,0.490468293428421,0.4068794250488281,0.0608316287398338,0.9278842508792876,0.17905243486166,0.1848228499293327,0.1837387084960937,0.089127529412508,0.216680072247982,0.2043572440743446,0.1636223047971725,0.4988791346549988,CPFLOW/comparison_outputs/full44_imageft2_morphology_candidates/candidate_quality_scores.csv,0.020877838134765625,0.07646718351995968,0.008410841226577759,0.03476932644844044,0.009738437831401908
forskolin,4,-0.2168379486041821,CPFLOW/comparison_outputs/full44_imageft2_morphology_candidates/images/forskolin/candidate_004_raw.png,CPFLOW/comparison_outputs/full44_imageft2_morphology_candidates/images/forskolin/candidate_004_display.png,0.5922660827636719,0.0627549216151237,0.9100331664085388,0.2154477089643478,0.2086346894502639,0.197746068239212,0.1138243749737739,0.1974309682846069,0.1960062682628631,0.1762208789587021,0.4998765885829925,0.6028995513916016,0.0552555844187736,0.9190492928028108,0.2387924939393997,0.2301594913005828,0.2144267708063125,0.0917152687907219,0.1876195818185806,0.1785327047109604,0.1705822125077247,0.5003778636455536,CPFLOW/comparison_outputs/full44_imageft2_morphology_candidates/candidate_quality_scores.csv,0.010633468627929688,0.12726757467965466,0.0005012750625610907,0.009016126394271962,0.02334478497505188
roscovitine,26,-0.2225576980997164,CPFLOW/comparison_outputs/full44_imageft2_morphology_candidates/images/roscovitine/candidate_026_raw.png,CPFLOW/comparison_outputs/full44_imageft2_morphology_candidates/images/roscovitine/candidate_026_display.png,0.4142303466796875,0.0541142150759696,0.9032017588615416,0.1657790094614029,0.1761907935142517,0.1713235527276992,0.1190736144781112,0.1996156871318817,0.2123932540416717,0.1489272713661193,0.48560431599617,0.385080337524414,0.0563876703381538,0.9254153966903688,0.1559696421027183,0.1838931292295456,0.1529897898435592,0.0944769829511642,0.2046366035938263,0.1927310898900032,0.164450354874134,0.4967100620269775,CPFLOW/comparison_outputs/full44_imageft2_morphology_candidates/candidate_quality_scores.csv,0.029150009155273493,0.0411536092274579,0.011105746030807495,0.022213637828827126,0.009809367358684595
anisomycin,10,-0.2229578631465719,CPFLOW/comparison_outputs/full44_imageft2_morphology_candidates/images/anisomycin/candidate_010_raw.png,CPFLOW/comparison_outputs/full44_imageft2_morphology_candidates/images/anisomycin/candidate_010_display.png,0.6243629455566406,0.0557966902852058,0.9171455502510072,0.2225984632968902,0.2241693884134292,0.2425136268138885,0.1166191324591636,0.190995305776596,0.2121656835079193,0.1793998330831527,0.5092766284942627,0.5993461608886719,0.0666294991970062,0.9252108335494996,0.2316312566399574,0.2327073141932487,0.2349136173725128,0.1124007143080234,0.1958667710423469,0.1996107846498489,0.1920841708779335,0.496023565530777,CPFLOW/comparison_outputs/full44_imageft2_morphology_candidates/candidate_quality_scores.csv,0.02501678466796875,0.17743282748604555,0.013253062963485718,0.008065283298492432,0.009032793343067197
tunicamycin,2,-0.2233817771269028,CPFLOW/comparison_outputs/full44_imageft2_morphology_candidates/images/tunicamycin/candidate_002_raw.png,CPFLOW/comparison_outputs/full44_imageft2_morphology_candidates/images/tunicamycin/candidate_002_display.png,0.554473876953125,0.0646667778491973,0.950890839099884,0.2344056069850921,0.1746905297040939,0.2325709611177444,0.0929958075284957,0.2102298289537429,0.2269467562437057,0.1854316741228103,0.5001165270805359,0.52923583984375,0.0624949932098388,0.9403663873672484,0.2092078402638435,0.211082175374031,0.2095260247588157,0.0958076789975166,0.2048127874732017,0.1967283114790916,0.1820397675037384,0.4996701776981354,CPFLOW/comparison_outputs/full44_imageft2_morphology_candidates/candidate_quality_scores.csv,0.025238037109375,0.03416113944640835,0.0004463493824005127,0.010524451732635609,0.0251977667212486
simvastatin,24,-0.2247376018349732,CPFLOW/comparison_outputs/full44_imageft2_morphology_candidates/images/simvastatin/candidate_024_raw.png,CPFLOW/comparison_outputs/full44_imageft2_morphology_candidates/images/simvastatin/candidate_024_display.png,0.2327194213867187,0.0416779667139053,0.8549724221229553,0.1115900054574012,0.096835047006607,0.0888125151395797,0.0832730680704116,0.1811272799968719,0.1564414948225021,0.1207415908575058,0.5147780776023865,0.2205410003662109,0.0467504374682903,0.9216207563877106,0.1103249453008174,0.1105173379182815,0.1039414033293724,0.0766476802527904,0.1927465721964836,0.1750379204750061,0.1389709413051605,0.4996341466903686,CPFLOW/comparison_outputs/full44_imageft2_morphology_candidates/candidate_quality_scores.csv,0.012178421020507785,0.1148509742686811,0.015143930912017878,0.06664833426475525,0.0012650601565837999
methotrexate,16,-0.2264872532671597,CPFLOW/comparison_outputs/full44_imageft2_morphology_candidates/images/methotrexate/candidate_016_raw.png,CPFLOW/comparison_outputs/full44_imageft2_morphology_candidates/images/methotrexate/candidate_016_display.png,0.5649299621582031,0.0620479471981525,0.9043349623680116,0.2063854932785034,0.2190348953008651,0.2164735347032547,0.1358159184455871,0.1995902061462402,0.2130506932735443,0.166640892624855,0.5039507746696472,0.5679149627685547,0.0731912106275558,0.9236935079097748,0.2216592878103256,0.2118269205093383,0.1811802089214325,0.0973827615380287,0.1986567825078964,0.201633021235466,0.1687387153506279,0.5002807378768921,CPFLOW/comparison_outputs/full44_imageft2_morphology_candidates/candidate_quality_scores.csv,0.0029850006103515625,0.16516788775057303,0.003670036792755127,0.019358545541763195,0.015273794531822205
etoposide,6,-0.2276560157215082,CPFLOW/comparison_outputs/full44_imageft2_morphology_candidates/images/etoposide/candidate_006_raw.png,CPFLOW/comparison_outputs/full44_imageft2_morphology_candidates/images/etoposide/candidate_006_display.png,0.8379058837890625,0.0835308730602264,0.9172988533973694,0.3267136514186859,0.3629561066627502,0.316676527261734,0.1417101472616195,0.1978690177202224,0.2053943127393722,0.1911183297634124,0.5052139759063721,0.8184432983398438,0.0782785862684249,0.92964506149292,0.2908990383148193,0.3191419541835785,0.3014344274997711,0.1421262323856353,0.1852180212736129,0.2026017159223556,0.2141148447990417,0.4974319636821747,CPFLOW/comparison_outputs/full44_imageft2_morphology_candidates/candidate_quality_scores.csv,0.01946258544921875,0.06494221030487676,0.007782012224197388,0.012346208095550648,0.03581461310386663
aphidicolin,1,-0.2924593851919075,CPFLOW/comparison_outputs/full44_imageft2_morphology_candidates/images/aphidicolin/candidate_001_raw.png,CPFLOW/comparison_outputs/full44_imageft2_morphology_candidates/images/aphidicolin/candidate_001_display.png,0.7158546447753906,0.0638222694396972,0.8826462030410767,0.2523038983345032,0.2861500680446625,0.2502645850181579,0.1733949780464172,0.2017914950847625,0.2196153551340103,0.1692938953638076,0.5046775341033936,0.7189579010009766,0.083481065928936,0.920189619064331,0.2605651170015335,0.27626933157444,0.2371576055884361,0.1336533725261688,0.1932975575327873,0.1999815255403518,0.1939745545387268,0.4987459778785705,CPFLOW/comparison_outputs/full44_imageft2_morphology_candidates/candidate_quality_scores.csv,0.0031032562255859375,0.2685176336787262,0.0059315562248230536,0.037543416023254395,0.008261218667030334
monastrol,0,-0.316454000455466,CPFLOW/comparison_outputs/full44_imageft2_morphology_candidates/images/monastrol/candidate_000_raw.png,CPFLOW/comparison_outputs/full44_imageft2_morphology_candidates/images/monastrol/candidate_000_display.png,0.7981376647949219,0.0678001269698143,0.8618572950363159,0.238083153963089,0.2784277498722076,0.2271596044301986,0.1957398056983947,0.1707061827182769,0.1980166733264923,0.1852475851774215,0.502757728099823,0.7861499786376953,0.0762482844293117,0.9046584367752076,0.2784271240234375,0.2948877215385437,0.2723431885242462,0.1459544077515602,0.174271285533905,0.185806043446064,0.2002406045794487,0.4988616853952408,CPFLOW/comparison_outputs/full44_imageft2_morphology_candidates/candidate_quality_scores.csv,0.011987686157226562,0.11743083194911598,0.0038960427045822144,0.04280114173889171,0.04034397006034851
sb-202190,8,-0.3165883919044761,CPFLOW/comparison_outputs/full44_imageft2_morphology_candidates/images/sb-202190/candidate_008_raw.png,CPFLOW/comparison_outputs/full44_imageft2_morphology_candidates/images/sb-202190/candidate_008_display.png,0.7240447998046875,0.0602332167327404,0.9282834529876708,0.2820997536182403,0.2944845855236053,0.268582671880722,0.1280113756656646,0.2141746133565902,0.2116474956274032,0.1892924010753631,0.4991019368171692,0.7749862670898438,0.0679117664694786,0.9264909029006958,0.2888423204421997,0.3185125589370727,0.2866820096969604,0.1372153162956237,0.193556897342205,0.1972372531890869,0.2047478184103965,0.5015760660171509,CPFLOW/comparison_outputs/full44_imageft2_morphology_candidates/candidate_quality_scores.csv,0.05094146728515625,0.11998531882265565,0.0024741291999816895,0.0017925500869749866,0.006742566823959406
nocodazole,7,-0.3347199666086518,CPFLOW/comparison_outputs/full44_imageft2_morphology_candidates/images/nocodazole/candidate_007_raw.png,CPFLOW/comparison_outputs/full44_imageft2_morphology_candidates/images/nocodazole/candidate_007_display.png,0.3497314453125,0.049581192433834,0.8826272487640381,0.1748296022415161,0.1765987277030944,0.1149218752980232,0.1359167695045471,0.2343803793191909,0.1907500475645065,0.1308653950691223,0.5023114085197449,0.3471832275390625,0.0667989701032638,0.9335898458957672,0.1666000783443451,0.1852989718317985,0.1405451744794845,0.0967303179204464,0.1939939111471176,0.1913283467292785,0.1505636200308799,0.4982589781284332,CPFLOW/comparison_outputs/full44_imageft2_morphology_candidates/candidate_quality_scores.csv,0.0025482177734375,0.29807603380105857,0.0040524303913116455,0.050962597131729126,0.00822952389717102
colchicine,6,-0.3466524632585504,CPFLOW/comparison_outputs/full44_imageft2_morphology_candidates/images/colchicine/candidate_006_raw.png,CPFLOW/comparison_outputs/full44_imageft2_morphology_candidates/images/colchicine/candidate_006_display.png,0.7879371643066406,0.0756198465824127,0.8762819766998291,0.291402667760849,0.3362878561019897,0.2294564247131347,0.1869285404682159,0.2071516811847686,0.2120599448680877,0.1955106556415558,0.497501403093338,0.7587394714355469,0.0847366005182266,0.9157286882400512,0.2594502717256546,0.2953691631555557,0.234646126627922,0.1386228799819946,0.1832700371742248,0.1997590214014053,0.1863747909665107,0.4985696077346802,CPFLOW/comparison_outputs/full44_imageft2_morphology_candidates/candidate_quality_scores.csv,0.02919769287109375,0.11382884388892647,0.001068204641342163,0.03944671154022206,0.0319523960351944
mg-132,15,-0.3530907839241402,CPFLOW/comparison_outputs/full44_imageft2_morphology_candidates/images/mg-132/candidate_015_raw.png,CPFLOW/comparison_outputs/full44_imageft2_morphology_candidates/images/mg-132/candidate_015_display.png,0.4418792724609375,0.0550299882888793,0.9185885787010192,0.1534180343151092,0.1666549444198608,0.1550215482711792,0.093774065375328,0.1924711465835571,0.1929510831832885,0.1322896629571914,0.5052125453948975,0.3488101959228515,0.0538042783737182,0.9249556064605712,0.1478439942002296,0.1637884825468063,0.1458334624767303,0.0911820568144321,0.1989175528287887,0.1811050027608871,0.1647135764360427,0.5015916526317596,CPFLOW/comparison_outputs/full44_imageft2_morphology_candidates/candidate_quality_scores.csv,0.09306907653808599,0.022525286437575207,0.0036208927631378174,0.006367027759552002,0.005574040114879608
mitoxantrone,29,-0.3838169862925949,CPFLOW/comparison_outputs/full44_imageft2_morphology_candidates/images/mitoxantrone/candidate_029_raw.png,CPFLOW/comparison_outputs/full44_imageft2_morphology_candidates/images/mitoxantrone/candidate_029_display.png,0.3614540100097656,0.0547194629907608,0.9262921810150146,0.170088842511177,0.1668487638235092,0.1626470685005188,0.1147965863347053,0.2237127423286438,0.2160563170909881,0.1421915888786316,0.4931163787841797,0.3040523529052734,0.0660098195075988,0.9429679811000824,0.1643029078841209,0.1507444530725479,0.1517117917537689,0.0909433029592037,0.201573871076107,0.1882546693086624,0.1476390436291694,0.5006569027900696,CPFLOW/comparison_outputs/full44_imageft2_morphology_candidates/candidate_quality_scores.csv,0.05740165710449224,0.18758402061936286,0.007540524005889893,0.01667580008506775,0.005785934627056094
doxorubicin,28,-0.3900044350304225,CPFLOW/comparison_outputs/full44_imageft2_morphology_candidates/images/doxorubicin/candidate_028_raw.png,CPFLOW/comparison_outputs/full44_imageft2_morphology_candidates/images/doxorubicin/candidate_028_display.png,0.8287086486816406,0.0828447341918945,0.8689859509468079,0.2871379852294922,0.3347716033458709,0.2212260663509369,0.173913687467575,0.1914109140634536,0.1924027949571609,0.1910037696361541,0.5020231604576111,0.7672672271728516,0.0877966545522213,0.91412952542305,0.2652642130851745,0.2989268451929092,0.2475109547376632,0.1439043134450912,0.1870192885398864,0.196544773876667,0.2002789750695228,0.5019550919532776,CPFLOW/comparison_outputs/full44_imageft2_morphology_candidates/candidate_quality_scores.csv,0.06144142150878906,0.058055206540041995,6.80685043334961e-05,0.045143574476242176,0.021873772144317682
alsterpaullone,20,-0.464731811365509,CPFLOW/comparison_outputs/full44_imageft2_morphology_candidates/images/alsterpaullone/candidate_020_raw.png,CPFLOW/comparison_outputs/full44_imageft2_morphology_candidates/images/alsterpaullone/candidate_020_display.png,0.8991661071777344,0.0670712813735008,0.8790144324302673,0.2595509886741638,0.3006916046142578,0.2894630432128906,0.1626664847135543,0.1632230877876281,0.1523138582706451,0.1893137991428375,0.4989272654056549,0.9595413208007812,0.0818949155509471,0.8025775849819183,0.2979739308357239,0.3157338947057724,0.3293947279453277,0.1725362315773964,0.1647823378443718,0.158221460878849,0.2019316479563713,0.4995710998773575,CPFLOW/comparison_outputs/full44_imageft2_morphology_candidates/candidate_quality_scores.csv,0.060375213623046875,0.19968092581318223,0.0006438344717025757,0.076436847448349,0.03842294216156006
camptothecin,7,-0.4767294839437693,CPFLOW/comparison_outputs/full44_imageft2_morphology_candidates/images/camptothecin/candidate_007_raw.png,CPFLOW/comparison_outputs/full44_imageft2_morphology_candidates/images/camptothecin/candidate_007_display.png,0.2505950927734375,0.0481195002794265,0.8649666905403137,0.1399526596069336,0.1247002407908439,0.1406800299882888,0.1366878896951675,0.1942145675420761,0.2090809196233749,0.1302814781665802,0.5209830403327942,0.3053836822509765,0.0630328319966793,0.93777197599411,0.1475081071257591,0.1448364853858947,0.1518407836556434,0.0984681993722915,0.2022000253200531,0.1984598413109779,0.1540507376194,0.4998009204864502,CPFLOW/comparison_outputs/full44_imageft2_morphology_candidates/candidate_quality_scores.csv,0.05478858947753901,0.2699681781102668,0.021182119846343994,0.07280528545379628,0.007555447518825503
staurosporine,7,-0.6059633361569958,CPFLOW/comparison_outputs/full44_imageft2_morphology_candidates/images/staurosporine/candidate_007_raw.png,CPFLOW/comparison_outputs/full44_imageft2_morphology_candidates/images/staurosporine/candidate_007_display.png,0.4001998901367187,0.0583661794662475,0.914397120475769,0.1380511373281479,0.1594903171062469,0.1441134810447693,0.0980754643678665,0.1979896426200866,0.1850061565637588,0.1401377022266388,0.4990227818489074,0.4880390167236328,0.0762606896460056,0.953508585691452,0.189314879477024,0.1994998455047607,0.1759665608406067,0.093447957187891,0.2149520292878151,0.2031126394867897,0.168841116130352,0.500653475522995,CPFLOW/comparison_outputs/full44_imageft2_morphology_candidates/candidate_quality_scores.csv,0.08783912658691412,0.26742095418583484,0.00163069367408758,0.03911146521568298,0.05126374214887611
